fullName,zip,age,email,ssn
Nomi Dominey,0181,84,ndominey0@weebly.com,323651831
Randi Balasin,2181,85,rbalasin1@deliciousdays.com,150741037
Erminia Neachell,1181,66,eneachell2@ameblo.jp,179048650
Wes Ellicott,2181,97,wellicott3@mozilla.com,353620908
Donavon Lavallie,1181,12,dlavallie4@mail.ru,165514927
Ofelia Davoren,1181,19,odavoren5@listmanage.com,720436035
Richmond Milius,1181,71,rmilius6@nhs.uk,334645915
Quentin Figg,2181,58,qfigg7@comsenz.com,571262704
Rosaleen Pankethman,1181,73,rpankethman8@aboutads.info,391524860
Anita Deme,1181,46,ademe9@mashable.com,252952859
Matthus Peat,1181,50,mpeata@oracle.com,766907041
Blinni Konzel,1181,25,bkonzelb@123reg.co.uk,123670535
Alexio Costan,2181,8,acostanc@i2i.jp,873842626
Justino Downie,1181,94,jdownied@timesonline.co.uk,890659708
Annamarie Lipscomb,1181,39,alipscombe@wunderground.com,741822462
Phelia Veschambes,2181,37,pveschambesf@mac.com,843405767
Effie Van Der Straaten,1181,41,evang@ovh.net,136086785
Liliane Scrafton,1181,11,lscraftonh@tinypic.com,186465046
Melisandra Gipp,2181,46,mgippi@cisco.com,766757059
Werner Jordanson,1181,25,wjordansonj@businessinsider.com,860362913
Lynda Cave,2181,18,lcavek@theguardian.com,467534186
Inez Helis,1181,59,ihelisl@sfgate.com,801025967
Maire Ingamells,2181,15,mingamellsm@whitehouse.gov,668434700
Derron Rutter,2181,60,druttern@cdbaby.com,829573291
Ellen Byrch,1181,100,ebyrcho@cbsnews.com,835780993
Dew Van den Velden,1181,26,dvanp@uol.com.br,365420660
Malissia Mobberley,2181,30,mmobberleyq@constantcontact.com,263625251
Katusha Faltin,1181,11,kfaltinr@foxnews.com,193908107
Blondell Gniewosz,1181,94,bgniewoszs@earthlink.net,381797591
Romona Carr,2181,21,rcarrt@admin.ch,285756388
Mellisent Ostick,1181,45,mosticku@utexas.edu,692038765
Carny Lebrun,0118,22,clebrunv@merriamwebster.com,589537308
Cull Orans,2181,52,coransw@unicef.org,580721663
Stillmann Brunt,1181,80,sbruntx@wsj.com,842160508
Huntington Baumert,1181,18,hbaumerty@ibm.com,229079977
Gilberta Espada,2181,94,gespadaz@sakura.ne.jp,428900979
Karlyn Arrighini,1181,74,karrighini10@t.co,819458760
Stefania Kaindl,1181,64,skaindl11@people.com.cn,369090029
Aurthur Arbuckel,1181,41,aarbuckel12@usgs.gov,241728716
Troy Harmer,1181,17,tharmer13@yellowpages.com,648856144
Stanislaus Royston,1181,13,sroyston14@un.org,491284444
Joann Josefowicz,2181,61,jjosefowicz15@xing.com,225889833
Korella Biddlecombe,2181,34,kbiddlecombe16@exblog.jp,177778250
Eddie Luckes,1181,58,eluckes17@yahoo.com,583360157
Tera Brownlee,2181,25,tbrownlee18@nsw.gov.au,311595910
Hetty Davidovicz,1181,86,hdavidovicz19@nytimes.com,420221216
Constantino Dyter,2181,43,cdyter1a@jimdo.com,853836562
Barret Nock,1181,42,bnock1b@mail.ru,833016140
Hally Kierans,2181,97,hkierans1c@amazon.com,109643407
Bonnee Nurden,1181,27,bnurden1d@ca.gov,440738774
Bendix Dalbey,2181,85,bdalbey1e@aboutads.info,394599119
Carlee MacLennan,1181,31,cmaclennan1f@taobao.com,760799507
Carolin Bondy,1181,49,cbondy1g@upenn.edu,680959861
Spenser Beaton,2181,53,sbeaton1h@google.nl,749446929
Bernarr McGilleghole,1181,33,bmcgilleghole1i@behance.net,746312452
Alfy Copson,2181,23,acopson1j@cocolognifty.com,694177419
Lisabeth McKeeman,1181,35,lmckeeman1kwufoo.com,510553632
Henri Plews,1181,17,hplews1l@spotify.com,609571015
Clayton Glossup,2181,32,cglossup1m@sciencedirect.com,800134833
Sheff Bottrill,1181,13,sbottrill1n@craigslist.org,771501751
Kimberlyn Lapley,2181,28,klapley1o@smh.com.au,106642793
Isiahi Marzelli,1181,40,imarzelli1p@miibeian.gov.cn,688188232
Osmund Povah,2181,53,opovah1q@pagespersoorange.fr,654563494
Kakalina Manicomb,1181,13,kmanicomb1r@jimdo.com,301859484
Christen Folomkin,2181,70,cfolomkin1s@yahoo.co.jp,153748523
Sarita Iacopini,1181,92,siacopini1t@foxnews.com,430143979
Isobel Pleasance,1181,97,ipleasance1u@shareasale.com,610794315
Donavon Petyakov,1181,31,dpetyakov1v@etsy.com,111117497
Rowen Greystock,2181,26,rgreystock1w@flavors.me,444190996
Tracy Petrillo,1181,29,tpetrillo1x@odnoklassniki.ru,296457061
Archy Osichev,1181,50,aosichev1y@trellian.com,51815809
Chevalier Blinco,2181,31,cblinco1z@cocolognifty.com,491275369
Curtice Uzielli,1181,13,cuzielli20@angelfire.com,281743612
Nolly Danielkiewicz,1181,92,ndanielkiewicz21@alibaba.com,638640887
Oswald Ong,2181,49,oong22@usatoday.com,785446688
Darsie Eagleton,1181,17,deagleton23@shareasale.com,214785649
Bryn Lauchlan,2181,71,blauchlan24@go.com,169660569
Tracy Dunbabin,2181,17,tdunbabin25@yellowbook.com,307420743
Marja Meneo,1181,98,mmeneo26@slashdot.org,397472783
Doy MacDearmont,1181,84,dmacdearmont27@tmall.com,114335124
Star Aronovich,2181,98,saronovich28@sonet.ne.jp,784120703
Stormy Grigoli,1181,15,sgrigoli29@infoseek.co.jp,416723254
Joly Pherps,2181,98,jpherps2a@clickbank.net,347961879
Gustie Kermath,1181,17,gkermath2b@i2i.jp,801040865
Esme Levay,2181,22,elevay2c@php.net,505270421
Iorgos Abramino,1181,60,iabramino2d@goo.gl,895722960
Doy Milesap,2181,30,dmilesap2e@aol.com,261967159
Charmine Kretchmer,1181,25,ckretchmer2f@google.com.au,680360931
Anabella Grimmer,1181,53,agrimmer2g@go.com,544934122
Marty Wiles,2181,45,mwiles2h@comsenz.com,159626263
Lizzie Chatt,1181,11,lchatt2i@sun.com,449450093
Delphinia Barnfather,2181,15,dbarnfather2j@youku.com,592037404
Westbrook Ryce,1181,62,wryce2k@linkedin.com,531114454
Mady Girardengo,1181,70,mgirardengo2l@pagespersoorange.fr,149820989
Gabe Bowling,2181,29,gbowling2m@state.tx.us,355660872
Perry Lowndsbrough,1181,39,plowndsbrough2n@shareasale.com,138473613
Philippe Storre,1181,19,pstorre2o@mapy.cz,853684882
Alexis Marti,1181,61,amarti2p@constantcontact.com,299821720
Louella Goodlife,1181,91,lgoodlife2q@storify.com,243115060
Tera Kegley,1181,41,tkegley2r@shareasale.com,146777510
